{"Funding": 2.3479892120399519, "Hispanic%": -41.618543514881679, "Crime_number": 1.1191160187298568, "Black%": -0.093382472343717993, "Female%": 0.045942881161129767, "intercept": 672.45409727935169, "Asian%": 43.24913441268059}