{"Black Percentage": 0.086826426850201033, "Funding": -0.12416276494394682, "Hispanic Percentage": 0.33036657917230561, "Asian Percentage": 0.24961031672858636, "Female Percentage": 0.51539747960076066, "Intercept": 8.9058269965407888, "Average Number of Crimes": 0.0057971461088749347, "White Percentage": 0.51172241198919322, "Average Class Size": 0.017688213986779958}