{"Black Percentage": -57.568868126641661, "Funding": 1.0556293935566692, "Hispanic Percentage": -59.356637687415912, "Asian Percentage": -15.72423919011456, "Female Percentage": 45.265983310905973, "Intercept": 684.02262576786916, "Average Number of Crimes": 0.16465291673624458, "White Percentage": -15.788583442824091, "Average Class Size": 0.17943867280130049}